"repository","numberOfFiles","numberOfLogicalLines","numberOfPhysicalLines","numberOfStrictModeGlobal","numberOfStrictModeLocal","numberOfWindowOnError","numberOfWindowOnErrorLines","numberOfWindowOnErrorEmptyHandler","numberOfWindowOnErrorUniqueStatement","numberOfWindowOnErrorUniqueConsole","numberOfWindowOnErrorThrows","numberOfWindowOnErrorReturns","numberOfWindowAddEventListener","numberOfWindowAddEventListenerLines","numberOfWindowAddEventListenerEmptyHandler","numberOfWindowAddEventListenerUniqueStatement","numberOfWindowAddEventListenerUniqueConsole","numberOfWindowAddEventListenerThrows","numberOfWindowAddEventListenerReturns","numberOfElementOnError","numberOfElementOnErrorLines","numberOfElementOnErrorEmptyHandler","numberOfElementOnErrorUniqueStatement","numberOfElementOnErrorUniqueConsole","numberOfElementOnErrorThrows","numberOfElementOnErrorReturns","tryCatchNumberOfTries","tryCatchNumberOfEmptyTries","tryCatchNumberOfTriesLines","tryCatchNumberOfTriesWithUniqueStatement","tryCatchNumberOfCatches","tryCatchNumberOfEmptyCatches","tryCatchNumberOfCatchesLines","tryCatchNumberOfCatchesWithUniqueConsole","tryCatchNumberOfCatchesWithUniqueStatement","tryCatchNumberOfContinuesOnCatches","tryCatchNumberOfThrowErrorsOnCatches","tryCatchNumberOfRethrowsOnCatches","tryCatchNumberOfThrows","tryCatchNumberOfThrowsLiteral","tryCatchNumberOfThrowsErrorObjects","tryCatchNumberOfThrowPrimitiveTypesOnCatches","tryCatchNumberOfReturnsOnCatches","tryCatchNumberOfReturnsAnErrorOnCatches","tryCatchNumberOfBreaksOnCatches","tryCatchNumberOfBreaksOnCatchesUniqueStatement","tryCatchNumberOfFinallies","tryCatchNumberOfFinalliesLines","promiseNumberOfPromises","promiseNumberOfResolves","promiseNumberOfRejects","promiseNumberOfPromiseThens","promiseNumberOfPromiseThenFulfilledLines","promiseNumberOfPromiseThenRejectedLines","promiseNumberOfPromiseCatches","promiseNumberOfPromiseCatchesLines","promiseNumberOfEmptyFunctionsOnPromiseCatches","promiseNumberOfCatchesWithUniqueConsole","promiseNumberOfCatchesWithUniqueStatement","promiseNumberOfThrowErrorsOnCatches","promiseNumberOfRethrowsOnCatches","promiseNumberOfThrowPrimitiveTypesOnCatches","promiseNumberOfReturnsOnCatches","promiseNumberOfReturnsAnErrorOnCatches","promiseNumberOfBreaksOnCatches","promiseNumberOfChainingCatches","promiseNumberOfNonCaughtPromises","promiseNumberOfPromiseRaces","promiseNumberOfPromiseAll","asyncAwaitNumberOfAsyncs","asyncAwaitNumberOfAwaits","asyncAwaitNumberOfTries","asyncAwaitNumberOfTriesLines","asyncAwaitNumberOfCatches","asyncAwaitNumberOfEmptyCatches","asyncAwaitNumberOfCatchesLines","asyncAwaitNumberOfCatchesWithUniqueConsole","asyncAwaitNumberOfCatchesWithUniqueStatement","asyncAwaitNumberOfCatchesThrowError","asyncAwaitNumberOfAwaitErrorArgsOnCatches","asyncAwaitNumberOfCatchesRethrowError","asyncAwaitNumberOfThrowErrorsOnCatches","asyncAwaitNumberOfThrowPrimitiveTypesOnCatches","asyncAwaitNumberOfRethrowsOnCatches","asyncAwaitNumberOfReturnsOnCatches","asyncAwaitNumberOfReturnsAnErrorOnCatches","asyncAwaitNumberOfBreaksOnCatches","asyncAwaitNumberOfBreaksOnCatchesUniqueStatement","asyncAwaitNumberOfFinallies","asyncAwaitNumberOfFinalliesLines","eventsNumberOfEventMethodsOn","eventsNumberOfEventMethodsOnce","eventsNumberOfEventMethodsEmit","eventsNumberOfEventOnLines","eventsNumberOfEventOnEmptyFunctions","eventsNumberOfEventOnWithUniqueConsole","eventsNumberOfEventOnWithUniqueStatement","eventsNumberOfEventOnceLines","eventsNumberOfEventOnceEmptyFunctions","eventsNumberOfEventOnceWithUniqueConsole","eventsNumberOfEventOnceWithUniqueStatement","eventsNumberOfEventEmitLines","eventsNumberOfThrowErrorsOnCatches","eventsNumberOfThrowPrimitiveTypesOnCatches","eventsNumberOfReturnsOnCatches","eventsNumberOfReturnsAnErrorOnCatches","eventsNumberOfBreaksOnCatches","eventsNumberOfRethrowsOnCatches","eventsNumberOfEventUncaughtException","eventsNumberOfEventUncaughtExceptionLines","eventsNumberOfUncaughtExceptionEmpty","eventsNumberOfUncaughtExceptionWithUniqueStatement","eventsNumberOfUncaughtExceptionWithUniqueConsole","eventsNumberOfUncaughtExceptionReturns","eventsNumberOfUncaughtExceptionThrows","eventsNumberOfEventUnhandledRejection","eventsTotalOfStringEvents","eventsTotalOfEventsExceptStringType","callbacksNumberOfCallbackErrorFunctions","callbacksNumberOfFirstErrorArgFunctions","callbacksNumberOfEmptyCallbacks","callbacksNumberOfFunctionsWithUniqueConsole","callbacksNumberOfFunctionsWithUniqueStatement","callbacksNumberOfFunctionsWithUniqueErrorArg","callbacksNumberOfEmptyFunctionsWithUniqueErrorArg","callbacksNumberOfFunctionsWithUniqueErrorArgWithUniqueConsole","callbacksNumberOfFunctionsWithUniqueErrorArgWithUniqueStatement","callbacksNumberOfLinesOfFunctionsWithUniqueErrorArg","callbacksNumberOfReturnsOnCatches","callbacksNumberOfReturnsAnErrorOnCatches","callbacksNumberOfBreaksOnCatches","callbacksNumberOfLines"
"Chart.js",100,27697,27712,58,0,0,0,0,0,0,0,0,0,0,0,0,0,0,0,0,0,0,0,0,0,0,2,0,7,1,2,1,2,0,0,0,1,1,1,0,0,0,0,0,0,0,0,0,0,30,0,2,4,0,1,1,0,1,1,0,0,0,0,0,0,1,1,0,0,0,0,0,0,0,0,0,0,0,0,0,0,0,0,0,0,0,0,0,0,0,0,0,0,0,0,0,0,0,0,0,0,0,0,0,0,0,0,0,0,0,0,0,0,0,0,0,3,0,28,17,3,1,6,12,0,1,2,132,28,8,2,294
"JavaScript-Garden",7,2182,2198,0,0,0,0,0,0,0,0,0,0,0,0,0,0,0,0,0,0,0,0,0,0,0,4,0,32,0,4,0,16,0,4,0,0,0,0,0,0,0,0,0,0,0,0,0,0,0,0,0,0,0,0,0,0,0,0,0,0,0,0,0,0,0,0,0,0,0,0,0,0,0,0,0,0,0,0,0,0,0,0,0,0,0,0,0,0,0,0,0,0,0,0,0,0,0,0,0,0,0,0,0,0,0,0,0,0,0,0,0,0,0,0,0,0,0,3,1,0,0,0,1,0,0,0,10,2,0,4,86
"JavaScript-Koans",20,6015,6119,0,0,1,20,0,0,0,0,1,0,0,0,0,0,0,0,0,0,0,0,0,0,0,52,0,182,38,52,37,107,0,18,0,0,0,2,0,2,0,8,2,2,2,0,0,0,0,0,0,0,0,0,0,0,0,0,0,0,0,0,0,0,0,0,0,0,0,0,0,0,0,0,0,0,0,0,0,0,0,0,0,0,0,0,0,0,0,0,0,0,0,0,0,0,0,0,0,0,0,0,0,0,0,0,0,0,0,0,0,0,0,0,0,0,0,13,12,0,0,5,10,0,0,1,65,22,7,1,132
"JavaScript-Load-Image",16,21148,21148,0,31,0,0,0,0,0,0,0,0,0,0,0,0,0,0,0,0,0,0,0,0,0,171,0,694,101,171,121,524,0,99,0,29,23,6,0,3,0,65,2,6,0,12,51,0,12,0,6,4,1,2,3,0,0,1,0,0,0,0,0,0,0,1,0,0,0,0,0,0,0,0,0,0,0,0,0,0,0,0,0,0,0,0,0,0,0,2,0,12,4,0,0,0,0,0,0,0,0,0,0,0,0,0,0,1,0,0,0,0,0,0,0,173,8,87,66,2,1,32,53,2,0,17,426,103,29,9,884
"Modernizr",395,12388,12502,3,3,0,0,0,0,0,0,0,0,0,0,0,0,0,0,0,0,0,0,0,0,0,252,0,1449,128,252,182,396,0,170,0,11,5,6,0,6,0,71,2,0,0,11,36,0,0,0,0,0,0,0,0,0,0,0,0,0,0,0,0,0,0,0,0,0,0,0,0,0,0,0,0,0,0,0,0,0,0,0,0,0,0,0,0,0,0,0,0,0,0,0,0,0,0,0,0,0,0,0,0,0,0,0,0,0,0,0,0,0,0,0,0,14,0,15,11,0,0,4,10,0,0,0,40,7,3,0,111
"OS.js",232,36152,36155,2,3,2,0,0,0,0,0,0,0,0,0,0,0,0,0,0,0,0,0,0,0,0,264,0,1258,124,264,84,435,95,150,0,0,0,0,0,0,0,46,28,0,0,0,0,414,320,230,317,1305,8,291,289,14,2,50,0,0,0,41,22,0,65,27,0,6,0,0,0,0,0,0,0,0,0,0,0,0,0,0,0,0,0,0,0,0,0,7,0,0,41,0,0,0,0,0,0,0,0,0,0,2,1,5,0,1,1,0,1,1,0,0,1,164,11,474,247,48,10,119,140,4,5,53,505,407,152,0,3612
"PhotoSwipe",12,6061,6154,0,4,0,0,0,0,0,0,0,0,0,0,0,0,0,0,0,0,0,0,0,0,0,0,0,0,0,0,0,0,0,0,0,0,0,0,0,0,0,0,0,0,0,0,0,0,0,0,0,0,0,0,0,0,0,0,0,0,0,0,0,0,0,0,0,0,0,0,0,0,0,0,0,0,0,0,0,0,0,0,0,0,0,0,0,0,0,0,0,0,0,0,0,0,0,0,0,0,0,0,0,0,0,0,0,0,0,0,0,0,0,0,0,0,0,38,36,0,0,18,30,0,0,0,840,52,0,0,954
"Rocket.Chat",1649,107724,107757,3,105,0,0,0,0,0,0,0,0,0,0,0,0,0,0,0,0,0,0,0,0,0,274,0,3084,107,274,97,866,28,186,1,65,30,60,0,19,0,100,40,1,0,6,15,68,60,36,74,554,0,17,40,2,1,9,2,0,0,6,5,0,1,22,0,6,3,51,1,5,1,0,4,0,0,0,0,0,0,0,0,1,0,0,0,0,0,11,1,0,30,1,0,0,1,0,0,0,0,2,0,5,2,0,2,2,0,0,0,0,0,0,0,204,78,724,680,112,16,250,305,3,4,47,2707,618,204,29,7281
"Semantic-UI",108,54380,54527,1,62,0,0,0,0,0,0,0,0,0,0,0,0,0,0,0,0,0,0,0,0,0,71,0,296,45,71,37,95,3,43,0,5,5,0,0,0,0,9,0,0,0,3,12,0,14,0,0,0,0,0,0,0,0,0,0,0,0,0,0,0,0,0,0,0,0,0,0,0,0,0,0,0,0,0,0,0,0,0,0,0,0,0,0,0,0,2,0,0,0,2,0,0,0,0,0,0,0,0,0,0,0,0,0,0,0,0,0,0,0,0,0,26,303,49,39,17,2,12,27,9,0,8,161,25,4,0,443
"Smart-Table",20,3129,3129,0,1,0,0,0,0,0,0,0,0,0,0,0,0,0,0,0,0,0,0,0,0,0,0,0,0,0,0,0,0,0,0,0,0,0,0,0,0,0,0,0,0,0,0,0,0,0,0,0,0,0,0,0,0,0,0,0,0,0,0,0,0,0,0,0,0,0,0,0,0,0,0,0,0,0,0,0,0,0,0,0,0,0,0,0,0,0,0,0,0,0,0,0,0,0,0,0,0,0,0,0,0,0,0,0,0,0,0,0,0,0,0,0,0,0,0,0,0,0,0,0,0,0,0,0,0,0,0,0
"ajenti",12,23444,23444,0,21,0,0,0,0,0,0,0,0,0,0,0,0,0,0,0,0,0,0,0,0,0,167,0,463,122,160,142,221,0,62,0,5,5,0,0,0,0,38,2,0,0,16,43,0,1,0,0,0,0,0,0,0,0,0,0,0,0,0,0,0,0,0,0,0,0,0,0,0,0,0,0,0,0,0,0,0,0,0,0,0,0,0,0,0,0,1,0,0,2,0,0,0,0,0,0,0,0,0,0,0,0,0,0,0,0,0,0,0,0,0,0,60,24,371,278,25,0,102,173,5,0,83,3021,631,395,46,5691
"angular-starter",19,850,852,0,0,0,0,0,0,0,0,0,0,0,0,0,0,0,0,0,0,0,0,0,0,0,1,0,3,0,1,1,1,0,1,0,0,0,0,0,0,0,1,0,0,0,0,0,0,1,0,0,0,0,0,0,0,0,0,0,0,0,0,0,0,0,0,0,0,0,0,0,0,0,0,0,0,0,0,0,0,0,0,0,0,0,0,0,0,0,0,0,0,0,0,0,0,0,0,0,0,0,0,0,0,0,0,0,0,0,0,0,0,0,0,0,0,0,1,1,0,0,0,1,0,0,0,6,0,0,0,6
"angular-translate",48,8758,9113,22,23,0,0,0,0,0,0,0,0,0,0,0,0,0,0,0,0,0,0,0,0,0,21,0,47,20,21,21,13,0,1,0,4,0,4,0,4,0,0,0,0,0,0,0,5,101,21,164,337,66,2,3,1,0,1,0,0,0,0,0,0,0,148,0,2,0,0,0,0,0,0,0,0,0,0,0,0,0,0,0,0,0,0,0,0,0,0,0,0,0,0,0,0,0,0,0,0,0,0,0,0,0,0,0,0,0,0,0,0,0,0,0,0,0,28,6,0,0,4,3,0,0,0,41,161,1,4,1231
"babel",8203,56694,60521,426,376,0,0,0,0,0,0,0,0,0,0,0,0,0,0,0,0,0,0,0,0,0,181,2,736,67,124,20,332,0,65,0,25,20,32,18,0,5,31,0,0,0,85,243,53,52,12,24,127,4,11,10,0,2,2,0,0,0,0,0,0,1,11,0,2,63,137,9,63,6,0,30,0,0,0,0,0,5,0,5,4,0,0,0,4,12,0,0,0,0,0,0,0,0,0,0,0,0,0,0,0,0,0,0,0,0,0,0,0,0,0,0,19,1,76,55,21,2,43,46,16,2,37,55,34,16,6,439
"backbone",22,22147,22147,0,0,1,20,0,0,0,0,1,0,0,0,0,0,0,0,0,0,0,0,0,0,0,93,0,411,54,93,60,166,0,51,0,4,4,4,0,0,0,23,9,0,0,7,22,0,2,4,0,0,0,0,0,0,0,0,0,0,0,0,0,0,0,0,0,0,0,0,0,0,0,0,0,0,0,0,0,0,0,0,0,0,0,0,0,0,0,3,0,5,4,2,0,0,0,0,0,0,0,0,0,0,0,0,0,0,0,0,0,0,0,0,0,185,22,86,22,6,0,24,18,1,0,8,84,267,73,5,1751
"bootstrap",52,14780,14802,4,19,0,0,0,0,0,0,0,0,0,0,0,0,0,0,0,0,0,0,0,0,0,44,0,128,30,44,16,90,0,36,0,0,0,0,0,0,0,10,0,0,0,0,0,0,12,0,14,35,0,2,2,0,2,2,0,0,0,0,0,0,0,5,0,0,0,0,0,0,0,0,0,0,0,0,0,0,0,0,0,0,0,0,0,0,0,1,0,0,3,0,0,0,0,0,0,0,0,0,0,0,0,0,0,0,0,0,0,0,0,0,0,201,91,38,38,0,2,9,33,0,2,8,92,0,0,0,178
"brackets",827,304824,313994,27,441,5,12,1,0,0,0,1,0,0,0,0,0,0,0,0,0,0,0,0,0,0,1127,0,5700,596,1067,784,2083,45,427,0,25,18,9,2,2,2,133,15,0,0,112,394,6,698,498,185,576,184,6,15,2,0,2,0,0,0,1,0,0,1,122,0,1,1,1,0,0,0,0,0,0,0,0,0,0,0,0,0,0,0,0,0,0,0,15,0,5,41,0,0,0,0,0,0,0,0,1,0,2,1,0,1,0,0,0,0,0,0,0,0,1001,125,1391,1228,314,40,430,808,138,19,237,5795,572,119,99,11598
"card",3,3625,3625,0,6,0,0,0,0,0,0,0,0,0,0,0,0,0,0,0,0,0,0,0,0,0,14,0,96,0,14,0,64,0,8,0,0,0,0,0,0,0,0,0,0,0,0,0,0,0,0,0,0,0,0,0,0,0,0,0,0,0,0,0,0,0,0,0,0,0,0,0,0,0,0,0,0,0,0,0,0,0,0,0,0,0,0,0,0,0,0,0,0,0,0,0,0,0,0,0,0,0,0,0,0,0,0,0,0,0,0,0,0,0,0,0,0,48,42,40,2,0,24,38,2,0,6,544,108,24,0,632
"closure-library",1596,421865,422067,0,5,5,35,2,0,0,0,2,0,0,0,0,0,0,0,0,0,0,0,0,0,0,705,2,3436,349,611,207,1944,0,303,4,190,40,38,0,0,0,169,14,6,4,106,264,29,158,71,707,1691,408,0,0,0,0,0,0,0,0,0,0,0,0,113,0,0,2,3,0,0,0,0,0,0,0,0,0,0,0,0,0,0,0,0,0,0,0,0,0,0,0,0,0,0,0,0,0,0,0,0,0,0,0,0,0,0,0,0,0,0,0,0,0,0,22,1204,881,253,0,368,829,162,0,268,4371,506,100,140,8672
"clumsy-bird",9,8242,8242,0,6,0,0,0,0,0,0,0,0,0,0,0,0,0,0,0,0,0,0,0,0,0,34,0,82,26,34,26,60,0,30,0,8,0,8,0,2,0,11,6,0,0,0,0,0,2,0,4,4,0,0,0,0,0,0,0,0,0,0,0,0,0,1,0,0,0,0,0,0,0,0,0,0,0,0,0,0,0,0,0,0,0,0,0,0,0,0,0,0,0,0,0,0,0,0,0,0,0,0,0,0,0,0,0,0,0,0,0,0,0,0,0,3,2,44,4,0,0,3,2,0,0,0,14,34,13,2,429
"create-react-app",192,3075,3220,48,0,0,0,0,0,0,0,0,0,0,0,0,0,0,0,0,0,0,0,0,0,0,19,0,123,6,19,17,42,1,9,0,1,1,0,0,0,0,8,0,0,0,0,0,6,64,5,19,277,5,6,12,3,2,2,0,0,0,0,0,0,0,7,0,0,0,0,0,0,0,0,0,0,0,0,0,0,0,0,0,0,0,0,0,0,0,6,0,0,6,0,0,0,0,0,0,0,0,5,0,0,0,0,5,0,0,0,0,0,0,0,5,8,1,27,24,1,3,17,19,0,1,11,87,17,6,5,216
"d3",5,98,98,0,0,0,0,0,0,0,0,0,0,0,0,0,0,0,0,0,0,0,0,0,0,0,1,0,2,0,0,0,0,0,0,0,0,0,0,0,0,0,0,0,0,0,1,1,1,1,1,2,15,0,1,0,0,0,0,0,0,0,0,0,0,0,0,0,0,0,0,0,0,0,0,0,0,0,0,0,0,0,0,0,0,0,0,0,0,0,0,0,0,0,0,0,0,0,0,0,0,0,0,0,0,0,0,0,0,0,0,0,0,0,0,0,0,0,3,2,0,1,2,2,0,1,1,6,2,2,0,10
"democracyos",310,12473,12546,5,0,0,0,0,0,0,0,0,0,0,0,0,0,0,0,0,0,0,0,0,0,0,6,0,42,3,6,3,12,0,3,0,0,0,0,0,0,0,2,1,0,0,0,0,131,97,67,222,1171,1,98,152,5,0,19,11,9,0,16,11,0,1,0,0,36,0,0,0,0,0,0,0,0,0,0,0,0,0,0,0,0,0,0,0,0,0,0,0,4,0,0,0,0,0,0,0,0,0,0,0,0,0,0,0,0,0,0,0,0,0,0,0,65,6,311,260,5,3,149,103,2,0,20,437,418,268,3,2157
"dragula",16,2772,2772,15,6,0,0,0,0,0,0,0,0,0,0,0,0,0,0,0,0,0,0,0,0,0,4,0,28,0,4,4,0,0,0,0,0,0,0,0,0,0,0,0,0,0,0,0,0,4,0,0,0,0,0,0,0,0,0,0,0,0,0,0,0,0,0,0,0,0,0,0,0,0,0,0,0,0,0,0,0,0,0,0,0,0,0,0,0,0,0,0,0,0,0,0,0,0,0,0,0,0,0,0,0,0,0,0,0,0,0,0,0,0,0,0,77,5,18,16,0,0,12,16,0,0,0,300,38,13,0,335
"dropzone",3,5171,5171,1,0,0,0,0,0,0,0,0,0,0,0,0,0,0,0,0,0,0,0,0,0,0,23,0,88,20,23,18,36,0,3,0,0,0,0,0,0,0,5,0,0,0,0,0,0,0,0,0,0,0,0,0,0,0,0,0,0,0,0,0,0,0,0,0,0,0,0,0,0,0,0,0,0,0,0,0,0,0,0,0,0,0,0,0,0,0,0,0,6,0,0,0,0,0,0,0,0,0,0,0,0,0,0,0,0,0,0,0,0,0,0,0,82,2,54,44,14,0,28,44,14,0,20,178,74,30,20,564
"echarts",588,318386,318387,0,46,0,0,0,0,0,0,0,0,0,0,0,0,0,0,0,0,0,0,0,0,0,150,0,709,95,145,82,269,2,48,0,32,28,28,0,21,0,17,7,0,0,11,37,16,53,1,28,542,1,3,16,0,0,0,1,0,0,0,0,0,0,2,0,1,0,0,0,0,0,0,0,0,0,0,0,0,0,0,0,0,0,0,0,0,0,0,0,0,0,0,0,0,0,0,0,0,0,0,0,0,0,0,0,0,0,0,0,0,0,0,0,460,51,442,279,33,0,100,215,5,0,44,1676,276,65,34,7124
"engine",275,52682,52686,0,59,1,20,0,0,0,0,1,0,0,0,0,0,0,0,0,0,0,0,0,0,0,25,0,57,20,25,8,90,0,14,0,0,0,2,0,2,0,8,2,0,0,0,0,0,149,0,3,11,8,0,0,0,0,0,0,0,0,0,0,0,0,3,0,0,0,0,0,0,0,0,0,0,0,0,0,0,0,0,0,0,0,0,0,0,0,0,2,0,0,0,0,0,4,0,0,0,0,0,0,0,0,0,0,0,0,0,0,0,0,0,0,371,68,75,71,5,3,40,29,1,0,13,180,34,8,1,698
"eslint-plugin-react",164,28905,28905,164,0,0,0,0,0,0,0,0,0,0,0,0,0,0,0,0,0,0,0,0,0,0,6,0,12,6,6,6,12,0,6,0,0,0,0,0,0,0,0,0,0,0,0,0,0,1,0,0,0,0,0,0,0,0,0,0,0,0,0,0,0,0,0,0,0,0,0,0,0,0,0,0,0,0,0,0,0,0,0,0,0,0,0,0,0,0,0,0,0,0,0,0,0,0,0,0,0,0,0,0,0,0,0,0,0,0,0,0,0,0,0,0,0,0,3,1,0,0,0,1,0,0,0,10,6,1,0,23
"fetch",9,1963,1963,0,0,0,0,0,0,0,0,0,0,0,0,0,0,0,0,0,0,0,0,0,0,0,3,0,7,1,3,3,5,0,3,0,0,0,0,0,0,0,3,0,0,0,0,0,15,10,8,117,320,17,8,23,0,0,6,1,1,0,0,0,0,0,0,0,4,0,0,0,0,0,0,0,0,0,0,0,0,0,0,0,0,0,0,0,0,0,0,0,0,0,0,0,0,0,0,0,0,0,0,0,0,0,0,0,0,0,0,0,0,0,0,0,6,0,21,16,0,0,13,16,0,0,12,43,1,1,4,139
"fingerprintjs2",9,5978,5979,1,85,0,0,0,0,0,0,0,0,0,0,0,0,0,0,0,0,0,0,0,0,0,59,0,214,42,54,32,103,0,34,0,0,0,5,2,3,0,13,0,0,0,5,10,0,0,0,0,0,0,0,0,0,0,0,0,0,0,0,0,0,0,0,0,0,0,0,0,0,0,0,0,0,0,0,0,0,0,0,0,0,0,0,0,0,0,1,0,0,1,0,0,0,0,0,0,0,0,0,0,0,0,0,0,0,0,0,0,0,0,0,0,1,0,13,12,0,1,10,10,0,1,5,49,9,5,0,74
"foundation-sites",156,0,156,0,0,0,0,0,0,0,0,0,0,0,0,0,0,0,0,0,0,0,0,0,0,0,0,0,0,0,0,0,0,0,0,0,0,0,0,0,0,0,0,0,0,0,0,0,0,0,0,0,0,0,0,0,0,0,0,0,0,0,0,0,0,0,0,0,0,0,0,0,0,0,0,0,0,0,0,0,0,0,0,0,0,0,0,0,0,0,0,0,0,0,0,0,0,0,0,0,0,0,0,0,0,0,0,0,0,0,0,0,0,0,0,0,0,0,0,0,0,0,0,0,0,0,0,0,0,0,0,0
"framework",31,3115,3122,4,4,0,0,0,0,0,0,0,0,0,0,0,0,0,0,0,0,0,0,0,0,0,0,0,0,0,0,0,0,0,0,0,0,0,0,0,0,0,0,0,0,0,0,0,48,44,1,89,354,6,6,12,2,0,6,0,0,0,6,4,0,6,10,0,5,0,0,0,0,0,0,0,0,0,0,0,0,0,0,0,0,0,0,0,0,0,0,0,0,0,0,0,0,0,0,0,0,0,0,0,0,0,0,0,0,0,0,0,0,0,0,0,0,0,9,5,3,0,4,5,0,0,4,8,5,5,0,24
"fullPage.js",53,9020,9024,0,4,0,0,0,0,0,0,0,0,0,0,0,0,0,0,0,0,0,0,0,0,0,0,0,0,0,0,0,0,0,0,0,0,0,0,0,0,0,0,0,0,0,0,0,0,0,0,0,0,0,0,0,0,0,0,0,0,0,0,0,0,0,0,0,0,0,0,0,0,0,0,0,0,0,0,0,0,0,0,0,0,0,0,0,0,0,0,0,0,0,0,0,0,0,0,0,0,0,0,0,0,0,0,0,0,0,0,0,0,0,0,0,35,6,46,45,3,0,16,41,3,0,4,793,38,3,33,857
"highcharts-ng",17,1443,1454,5,2,0,0,0,0,0,0,0,0,0,0,0,0,0,0,0,0,0,0,0,0,0,6,0,12,6,6,6,0,0,0,0,0,0,0,0,0,0,0,0,0,0,0,0,0,1,0,1,4,0,0,0,0,0,0,0,0,0,0,0,0,0,1,0,0,0,0,0,0,0,0,0,0,0,0,0,0,0,0,0,0,0,0,0,0,0,0,0,0,0,0,0,0,0,0,0,0,0,0,0,0,0,0,0,0,0,0,0,0,0,0,0,0,0,0,0,0,0,0,0,0,0,0,0,0,0,0,0
"history.js",65,123451,123702,0,114,1,20,0,0,0,0,1,0,0,0,0,0,0,0,0,0,0,0,0,0,0,768,0,2261,593,757,611,1409,0,353,0,95,95,3,0,2,0,57,4,2,0,25,79,2,5,13,13,8,2,0,0,0,0,0,0,0,0,0,0,0,0,7,0,0,0,0,0,0,0,0,0,0,0,0,0,0,0,0,0,0,0,0,0,0,0,1,0,0,33,1,0,0,0,0,0,0,0,0,0,0,0,0,0,0,0,0,0,0,0,0,0,96,114,1720,1603,157,0,391,1023,96,0,281,4902,3573,2040,102,17297
"hospitalrun-frontend",543,203086,234368,4,1115,0,0,0,0,0,0,0,0,0,0,0,0,0,0,0,0,0,0,0,0,0,1306,0,4190,913,1211,594,2492,3,850,2,108,33,77,0,10,0,480,190,0,0,173,606,220,514,246,1430,7076,454,269,614,61,5,82,41,38,0,72,20,0,14,385,1,51,27,1200,0,0,0,0,0,0,0,0,0,0,0,0,0,0,0,0,0,0,0,10,0,147,22,2,0,0,0,0,0,0,0,0,0,1,1,0,0,1,3,0,0,0,0,0,1,852,93,13191,13027,503,14,3818,6902,114,14,2984,56588,23649,14904,512,122870
"howler.js",17,4963,4963,7,4,0,0,0,0,0,0,0,0,0,0,0,0,0,0,0,0,0,0,0,0,0,30,0,264,12,30,24,44,0,22,0,0,0,0,0,0,0,4,0,0,0,0,0,0,0,0,6,22,0,0,0,0,0,0,0,0,0,0,0,0,0,6,0,0,0,0,0,0,0,0,0,0,0,0,0,0,0,0,0,0,0,0,0,0,0,0,0,0,0,0,0,0,0,0,0,0,0,0,0,0,0,0,0,0,0,0,0,0,0,0,0,23,2,0,0,0,0,0,0,0,0,0,0,0,0,0,0
"html2canvas",87,0,87,0,0,0,0,0,0,0,0,0,0,0,0,0,0,0,0,0,0,0,0,0,0,0,0,0,0,0,0,0,0,0,0,0,0,0,0,0,0,0,0,0,0,0,0,0,0,0,0,0,0,0,0,0,0,0,0,0,0,0,0,0,0,0,0,0,0,0,0,0,0,0,0,0,0,0,0,0,0,0,0,0,0,0,0,0,0,0,0,0,0,0,0,0,0,0,0,0,0,0,0,0,0,0,0,0,0,0,0,0,0,0,0,0,0,0,0,0,0,0,0,0,0,0,0,0,0,0,0,0
"impress.js",32,5248,5256,1,46,0,0,0,0,0,0,0,0,0,0,0,0,0,0,0,0,0,0,0,0,0,14,0,130,2,14,2,64,0,2,0,12,12,12,0,0,0,12,0,0,0,0,0,0,1,0,0,0,0,0,0,0,0,0,0,0,0,0,0,0,0,0,0,0,0,0,0,0,0,0,0,0,0,0,0,0,0,0,0,0,0,0,0,0,0,0,0,0,0,0,0,0,0,0,0,0,0,0,0,0,0,0,0,0,0,0,0,0,0,0,0,0,0,12,10,0,0,4,10,0,0,4,62,8,0,0,235
"intro.js",10,10513,10532,0,14,0,0,0,0,0,0,0,0,0,0,0,0,0,0,0,0,0,0,0,0,0,52,0,164,30,52,48,78,0,24,0,2,2,0,0,0,0,10,2,0,0,6,27,0,1,0,0,0,0,0,0,0,0,0,0,0,0,0,0,0,0,0,0,0,0,0,0,0,0,0,0,0,0,0,0,0,0,0,0,0,0,0,0,0,0,0,0,0,0,0,0,0,0,0,0,0,0,0,0,0,0,0,0,0,0,0,0,0,0,0,0,34,11,33,32,1,0,20,31,0,0,5,323,25,4,2,387
"jQuery-File-Upload",16,4285,4285,0,27,0,0,0,0,0,0,0,0,0,0,0,0,0,0,0,0,0,0,0,0,0,18,0,60,10,18,18,10,0,5,0,0,0,0,0,0,0,0,0,0,0,0,0,0,18,3,12,20,6,0,0,0,0,0,0,0,0,0,0,0,0,3,0,0,0,0,0,0,0,0,0,0,0,0,0,0,0,0,0,0,0,0,0,0,0,0,0,0,0,0,0,0,0,0,0,0,0,0,0,0,0,0,0,0,0,0,0,0,0,0,0,4,3,77,70,26,0,22,24,0,0,1,163,59,3,2,734
"joi",42,39231,39231,42,0,0,0,0,0,0,0,0,0,0,0,0,0,0,0,0,0,0,0,0,0,0,43,0,163,11,43,29,117,0,28,0,10,10,13,0,3,0,0,0,0,0,0,0,6,4,194,12,21,24,6,28,2,0,2,2,0,0,0,0,0,0,0,0,0,0,373,0,0,0,0,0,0,0,0,0,0,0,0,0,0,0,0,0,0,0,0,0,0,0,0,0,0,0,0,0,0,0,0,0,0,0,0,0,0,0,0,0,0,0,0,0,0,0,32,28,0,0,12,20,0,0,7,114,34,16,6,236
"jquery-modal",3,1345,1345,0,0,0,0,0,0,0,0,0,0,0,0,0,0,0,0,0,0,0,0,0,0,0,4,0,44,0,4,0,28,0,4,0,2,2,0,0,0,0,4,0,0,0,0,0,0,0,0,0,0,0,0,0,0,0,0,0,0,0,0,0,0,0,0,0,0,0,0,0,0,0,0,0,0,0,0,0,0,0,0,0,0,0,0,0,0,0,0,0,0,0,0,0,0,0,0,0,0,0,0,0,0,0,0,0,0,0,0,0,0,0,0,0,3,1,1,1,0,0,1,1,0,0,0,3,0,0,0,3
"js-sequence-diagrams",21,13643,13643,0,10,0,0,0,0,0,0,0,0,0,0,0,0,0,0,0,0,0,0,0,0,0,0,0,0,0,0,0,0,0,0,0,0,0,0,0,0,0,0,0,0,0,0,0,0,0,0,0,0,0,0,0,0,0,0,0,0,0,0,0,0,0,0,0,0,0,0,0,0,0,0,0,0,0,0,0,0,0,0,0,0,0,0,0,0,0,0,0,0,0,0,0,0,0,0,0,0,0,0,0,0,0,0,0,0,0,0,0,0,0,0,0,0,0,0,0,0,0,0,0,0,0,0,0,0,0,0,0
"jsdoc",491,22475,22497,269,3,0,0,0,0,0,0,0,0,0,0,0,0,0,0,0,0,0,0,0,0,0,45,0,236,28,44,17,94,0,26,0,4,4,4,0,1,0,12,0,0,0,1,1,8,46,0,3,10,0,0,0,0,0,0,0,0,0,0,0,0,0,2,0,0,1,4,0,0,0,0,0,0,0,0,0,0,0,0,0,0,0,0,0,0,0,0,0,0,0,0,0,0,0,0,0,0,0,0,0,0,0,0,0,0,0,0,0,0,0,0,0,29,5,46,36,0,0,22,35,0,0,4,297,22,2,4,403
"lazysizes",32,6434,6434,0,29,0,0,0,0,0,0,0,0,0,0,0,0,0,0,0,0,0,0,0,0,0,19,0,38,19,19,19,24,0,12,0,0,0,0,0,0,0,0,0,0,0,0,0,0,0,0,0,0,0,0,0,0,0,0,0,0,0,0,0,0,0,0,0,0,0,0,0,0,0,0,0,0,0,0,0,0,0,0,0,0,0,0,0,0,0,0,0,0,0,0,0,0,0,0,0,0,0,0,0,0,0,0,0,0,0,0,0,0,0,0,0,35,0,61,61,11,0,33,61,11,0,1,565,33,1,2,615
"lightbox",4,1306,1306,1,2,0,0,0,0,0,0,0,0,0,0,0,0,0,0,0,0,0,0,0,0,0,6,0,12,6,6,6,12,0,6,0,0,0,0,0,0,0,0,0,0,0,0,0,0,1,0,0,0,0,0,0,0,0,0,0,0,0,0,0,0,0,0,0,0,0,0,0,0,0,0,0,0,0,0,0,0,0,0,0,0,0,0,0,0,0,0,0,0,0,0,0,0,0,0,0,0,0,0,0,0,0,0,0,0,0,0,0,0,0,0,0,20,0,0,0,0,0,0,0,0,0,0,0,0,0,0,0
"list.js",50,7577,7578,0,4,0,0,0,0,0,0,0,0,0,0,0,0,0,0,0,0,0,0,0,0,0,12,0,58,8,12,0,40,0,12,0,2,2,0,0,0,0,7,5,0,0,0,0,0,0,0,0,0,0,0,0,0,0,0,0,0,0,0,0,0,0,0,0,0,0,0,0,0,0,0,0,0,0,0,0,0,0,0,0,0,0,0,0,0,0,0,0,6,0,0,0,0,0,0,0,0,0,0,0,0,0,0,0,0,0,0,0,0,0,0,0,44,6,21,17,0,0,7,14,0,0,4,41,13,2,0,165
"mapbox-gl-js",557,38226,38500,11,1,0,0,0,0,0,0,0,0,0,0,0,0,0,0,0,0,0,0,0,0,0,20,0,319,9,20,3,64,0,13,0,0,0,0,0,0,0,9,3,0,0,0,0,3,7,0,19,98,0,1,1,0,0,1,0,0,0,0,0,0,0,0,0,3,0,0,0,0,0,0,0,0,0,0,0,0,0,0,0,0,0,0,0,0,0,44,2,0,123,28,0,0,4,1,0,0,0,4,0,1,1,0,0,0,0,0,0,0,0,0,0,626,22,200,200,0,0,59,147,0,0,40,757,57,31,0,1486
"markdown-here",30,15911,15912,12,7,2,1,0,1,0,0,0,0,0,0,0,0,0,0,0,0,0,0,0,0,0,60,0,288,44,60,32,242,0,44,0,6,6,4,0,0,0,36,4,0,0,0,0,0,3,0,0,0,0,0,0,0,0,0,0,0,0,0,0,0,0,0,0,0,0,0,0,0,0,0,0,0,0,0,0,0,0,0,0,0,0,0,0,0,0,6,0,1,15,0,0,0,0,0,0,0,0,3,0,0,0,0,3,1,1,0,1,0,0,0,0,120,1,53,28,8,1,15,24,1,0,7,161,44,10,0,358
"materialize",52,19880,20127,0,47,0,0,0,0,0,0,0,0,0,0,0,0,0,0,0,0,0,0,0,0,0,13,0,29,10,13,13,22,0,11,0,0,0,0,0,0,0,11,0,0,0,0,0,1,0,0,0,0,0,0,0,0,0,0,0,0,0,0,0,0,0,0,0,0,0,0,0,0,0,0,0,0,0,0,0,0,0,0,0,0,0,0,0,0,0,0,0,0,0,0,0,0,0,0,0,0,0,0,0,0,0,0,0,0,0,0,0,0,0,0,0,33,4,198,196,30,0,78,178,28,0,33,1738,116,37,9,2234
"meteor",1124,196284,196674,9,20,2,5,2,0,0,0,0,0,0,0,0,0,0,0,0,0,0,0,0,0,0,664,0,3584,360,557,236,1748,2,248,4,172,137,71,0,6,0,163,7,0,0,137,434,95,96,34,51,328,29,19,37,4,0,10,2,2,0,8,2,0,2,12,3,10,8,36,0,0,0,0,0,0,0,0,0,0,0,0,0,0,0,0,0,0,0,11,0,1,50,3,0,0,0,0,0,0,0,1,0,3,0,0,1,0,0,0,0,0,0,0,0,223,30,668,554,95,6,187,275,18,5,104,1185,333,58,129,9015
"mithril.js",106,26319,26319,96,2,0,0,0,0,0,0,0,0,0,0,0,0,0,0,0,0,0,0,0,0,0,299,0,1291,181,294,165,669,1,258,0,28,21,29,0,17,0,11,5,0,0,8,31,118,91,51,189,298,114,22,55,6,0,5,0,0,0,0,0,0,9,122,2,4,0,0,0,0,0,0,0,0,0,0,0,0,0,0,0,0,0,0,0,0,0,0,6,0,0,0,0,0,30,0,0,0,0,21,0,0,0,0,21,6,99,0,0,0,0,6,0,12,0,93,61,0,0,36,60,0,0,24,371,26,8,0,777
"mojs",64,38399,38401,0,34,0,0,0,0,0,0,0,0,0,0,0,0,0,0,0,0,0,0,0,0,0,40,0,168,18,40,32,80,0,14,0,0,0,0,0,0,0,6,0,0,0,0,0,0,2,0,131,275,0,0,0,0,0,0,0,0,0,0,0,0,0,37,0,0,0,0,0,0,0,0,0,0,0,0,0,0,0,0,0,0,0,0,0,0,0,1,0,0,1,0,0,0,0,0,0,0,0,0,0,0,0,0,0,0,0,0,0,0,0,0,0,9,14,12,11,7,1,5,11,7,1,5,26,15,2,0,75
"mousetrap",14,8793,8793,0,3,2,1,0,1,0,0,0,0,0,0,0,0,0,0,0,0,0,0,0,0,0,71,0,296,40,71,27,220,0,51,0,8,8,3,0,0,0,27,0,0,0,6,18,0,5,0,1,0,0,0,0,0,0,0,0,0,0,0,0,0,0,1,0,0,0,0,0,0,0,0,0,0,0,0,0,0,0,0,0,0,0,0,0,0,0,2,0,1,4,0,0,0,0,0,0,0,0,0,0,0,0,0,0,1,0,0,0,0,0,0,0,117,1,54,32,7,1,23,21,0,0,4,168,52,16,0,464
"notifyjs",2,608,608,0,0,0,0,0,0,0,0,0,0,0,0,0,0,0,0,0,0,0,0,0,0,0,2,0,4,2,2,2,4,0,2,0,0,0,0,0,0,0,0,0,0,0,0,0,0,0,0,0,0,0,0,0,0,0,0,0,0,0,0,0,0,0,0,0,0,0,0,0,0,0,0,0,0,0,0,0,0,0,0,0,0,0,0,0,0,0,0,0,0,0,0,0,0,0,0,0,0,0,0,0,0,0,0,0,0,0,0,0,0,0,0,0,2,0,3,2,2,0,1,2,2,0,1,5,1,1,0,9
"openui5",6069,1034284,1044389,14,6649,14,131,2,1,0,0,3,1,12,0,0,0,0,1,0,0,0,0,0,0,0,2549,0,19001,887,2411,1287,12512,7,1334,4,368,186,203,2,33,2,452,41,27,0,193,516,1516,1789,284,3111,16918,888,200,658,86,0,53,15,12,3,33,17,0,17,752,0,167,0,0,0,0,0,0,0,0,0,0,0,0,0,0,0,0,0,0,0,0,0,26,0,10,62,2,0,0,0,0,0,0,0,0,0,1,0,0,0,0,0,0,0,0,0,0,0,530,93,2135,1398,267,2,641,1162,94,2,433,7779,5611,699,545,96535
"pdf.js",258,75995,76668,77,10,1,1,0,1,0,0,0,0,0,0,0,0,0,0,0,0,0,0,0,0,0,202,0,2026,102,195,68,612,4,102,2,48,41,16,0,4,0,59,14,2,0,7,37,340,273,143,608,3273,234,143,284,25,6,80,5,5,0,11,2,0,4,222,0,63,0,0,0,0,0,0,0,0,0,0,0,0,0,0,0,0,0,0,0,0,0,15,0,2,62,3,0,0,0,0,0,0,0,1,0,2,0,0,1,0,0,0,0,0,0,0,0,176,1,377,274,33,9,150,259,25,8,129,1022,179,31,103,3825
"perfect-scrollbar",18,4523,4523,1,1,0,0,0,0,0,0,0,0,0,0,0,0,0,0,0,0,0,0,0,0,0,2,0,74,0,2,0,4,0,2,0,0,0,0,0,0,0,0,0,0,0,0,0,1,7,1,3,24,0,1,1,0,0,1,0,0,0,1,1,0,0,0,0,0,0,0,0,0,0,0,0,0,0,0,0,0,0,0,0,0,0,0,0,0,0,0,0,0,0,0,0,0,0,0,0,0,0,0,0,0,0,0,0,0,0,0,0,0,0,0,0,0,4,69,66,4,0,50,66,4,0,17,901,92,27,36,982
"phaser",1085,174365,174366,3,10,0,0,0,0,0,0,0,0,0,0,0,0,0,0,0,0,0,0,0,0,0,151,0,1119,65,151,133,326,0,117,0,0,0,0,0,0,0,92,0,0,0,0,0,0,6,0,8,28,0,4,4,0,4,4,0,0,0,0,0,0,0,8,0,0,0,0,0,0,0,0,0,0,0,0,0,0,0,0,0,0,0,0,0,0,0,0,0,8,0,0,0,0,0,0,0,0,0,0,0,0,0,0,0,0,0,0,0,0,0,0,0,1172,43,30,14,0,4,14,13,0,4,4,35,16,4,0,417
"plyr",25,22007,22054,0,3,0,0,0,0,0,0,0,0,0,0,0,0,0,0,0,0,0,0,0,0,0,221,0,1442,87,215,140,462,0,155,0,18,16,12,0,2,0,78,6,0,0,12,60,27,24,12,98,347,2,45,63,33,0,27,0,0,0,12,0,0,3,45,0,3,0,0,0,0,0,0,0,0,0,0,0,0,0,0,0,0,0,0,0,0,0,3,0,2,6,0,0,0,0,0,0,0,0,0,0,0,0,0,0,0,0,0,0,0,0,0,1,51,96,44,26,0,0,25,26,0,0,17,103,24,9,0,378
"prettier",2605,18735,19983,170,3,0,0,0,0,0,0,0,0,0,0,0,0,0,0,0,0,0,0,0,0,0,54,1,238,29,53,17,196,0,27,0,23,12,11,0,2,0,16,3,0,0,3,8,10,51,2,45,112,10,4,7,3,0,4,0,0,0,3,0,0,0,13,0,1,20,33,1,1,1,0,2,0,0,0,0,0,0,0,0,0,0,0,0,0,0,2,0,0,4,1,0,0,0,0,0,0,0,1,0,0,0,0,1,0,0,0,0,0,0,0,1,7,0,35,29,11,0,7,16,0,0,5,141,10,7,0,140
"progressbar.js",17,2572,2572,0,1,0,0,0,0,0,0,0,0,0,0,0,0,0,0,0,0,0,0,0,0,0,1,0,1,1,1,1,0,0,0,0,0,0,0,0,0,0,0,0,0,0,0,0,0,0,0,1,3,0,0,0,0,0,0,0,0,0,0,0,0,0,1,0,0,0,0,0,0,0,0,0,0,0,0,0,0,0,0,0,0,0,0,0,0,0,0,0,0,0,0,0,0,0,0,0,0,0,0,0,0,0,0,0,0,0,0,0,0,0,0,0,0,0,3,2,1,0,0,1,0,0,0,2,1,1,0,29
"ratchet",16,3027,3122,1,24,0,0,0,0,0,0,0,0,0,0,0,0,0,0,0,0,0,0,0,0,0,7,0,13,7,7,6,13,0,7,0,0,0,0,0,0,0,0,0,0,0,0,0,0,0,0,0,0,0,0,0,0,0,0,0,0,0,0,0,0,0,0,0,0,0,0,0,0,0,0,0,0,0,0,0,0,0,0,0,0,0,0,0,0,0,0,0,0,0,0,0,0,0,0,0,0,0,0,0,0,0,0,0,0,0,0,0,0,0,0,0,8,0,54,54,0,0,23,54,0,0,4,798,83,3,0,852
"raven-js",83,94434,94508,5,3,1,4,1,0,0,0,1,0,0,0,0,0,0,0,0,0,0,0,0,0,0,3854,0,12112,2095,3851,2906,6726,2,2581,0,748,619,424,0,129,0,1383,9,0,0,3,6,14,14,2,77,568,6,0,0,0,0,0,0,0,0,0,0,0,0,3,0,0,0,0,0,0,0,0,0,0,0,0,0,0,0,0,0,0,0,0,0,0,0,18,0,0,234,0,0,0,0,0,0,0,0,0,0,0,0,0,0,0,0,0,0,0,0,0,0,18,0,207,170,2,0,69,150,1,0,1,995,74,38,0,2050
"remark",43,13241,13242,0,0,0,0,0,0,0,0,0,0,0,0,0,0,0,0,0,0,0,0,0,0,0,3,0,69,0,3,0,27,0,3,0,3,3,0,0,0,0,3,0,0,0,0,0,0,0,0,0,0,0,0,0,0,0,0,0,0,0,0,0,0,0,0,0,0,0,0,0,0,0,0,0,0,0,0,0,0,0,0,0,0,0,0,0,0,0,0,0,0,0,0,0,0,0,0,0,0,0,0,0,0,0,0,0,0,0,0,0,0,0,0,0,141,2,7,6,2,0,5,6,2,0,2,41,3,1,0,49
"reveal.js",25,15983,16093,0,1,1,20,0,0,0,0,1,0,0,0,0,0,0,0,0,0,0,0,0,0,0,26,0,91,18,26,4,84,0,20,0,4,4,6,0,2,0,12,6,0,0,0,0,0,0,0,0,0,0,0,0,0,0,0,0,0,0,0,0,0,0,0,0,0,0,0,0,0,0,0,0,0,0,0,0,0,0,0,0,0,0,0,0,0,0,0,0,0,0,0,0,0,0,0,0,0,0,0,0,0,0,0,0,0,0,0,0,0,0,0,0,5,1,193,193,0,0,24,175,0,0,16,7626,265,203,3,7710
"riot",111,21835,21841,0,4,0,0,0,0,0,0,0,0,0,0,0,0,0,0,0,0,0,0,0,0,0,48,8,155,31,46,16,162,0,41,0,0,0,8,0,0,0,13,5,0,0,15,42,3,5,1,1,2,0,1,2,0,0,0,0,0,0,0,0,0,0,1,1,0,0,0,0,0,0,0,0,0,0,0,0,0,0,0,0,0,0,0,0,0,0,1,0,6,1,0,0,0,0,0,0,0,0,0,0,0,0,0,0,0,0,0,0,0,0,0,0,51,6,38,28,0,1,30,20,0,1,11,76,28,8,0,369
"scrollreveal",10,1095,1095,0,2,0,0,0,0,0,0,0,0,0,0,0,0,0,0,0,0,0,0,0,0,0,0,0,0,0,0,0,0,0,0,0,0,0,0,0,0,0,0,0,0,0,0,0,0,0,0,0,0,0,0,0,0,0,0,0,0,0,0,0,0,0,0,0,0,0,0,0,0,0,0,0,0,0,0,0,0,0,0,0,0,0,0,0,0,0,0,0,0,0,0,0,0,0,0,0,0,0,0,0,0,0,0,0,0,0,0,0,0,0,0,0,1,0,1,1,0,0,0,0,0,0,0,0,1,0,0,5
"simditor",21,11569,11569,0,0,0,0,0,0,0,0,0,0,0,0,0,0,0,0,0,0,0,0,0,0,0,56,0,136,32,56,0,168,0,20,0,0,0,0,0,0,0,16,0,0,0,8,16,0,1,0,0,0,0,0,0,0,0,0,0,0,0,0,0,0,0,0,0,0,0,0,0,0,0,0,0,0,0,0,0,0,0,0,0,0,0,0,0,0,0,0,0,0,0,0,0,0,0,0,0,0,0,0,0,0,0,0,0,0,0,0,0,0,0,0,0,150,12,216,215,126,0,81,172,90,0,44,1349,389,19,0,2128
"sinon",383,816641,816642,128,4318,0,0,0,0,0,0,0,0,0,0,0,0,0,0,0,0,0,0,0,0,0,11357,0,47568,6173,10804,6253,16230,0,7147,0,514,514,445,0,0,0,2888,14,0,0,1308,3410,33,113,71,27,36,0,9,18,0,0,7,0,0,0,0,0,0,0,9,0,0,1,3,0,0,0,0,0,0,0,0,0,0,0,0,0,0,0,0,0,0,0,1,0,0,1,0,0,0,0,0,0,0,0,1,0,0,0,0,1,0,0,0,0,0,0,0,0,2,5,1446,590,481,1,424,425,0,0,23,1755,1364,439,2,9897
"smooth-scroll",9,1878,1879,0,5,0,0,0,0,0,0,0,0,0,0,0,0,0,0,0,0,0,0,0,0,0,20,0,40,20,20,20,40,0,20,0,0,0,0,0,0,0,0,0,0,0,0,0,0,0,0,0,0,0,0,0,0,0,0,0,0,0,0,0,0,0,0,0,0,0,0,0,0,0,0,0,0,0,0,0,0,0,0,0,0,0,0,0,0,0,0,0,0,0,0,0,0,0,0,0,0,0,0,0,0,0,0,0,0,0,0,0,0,0,0,0,0,0,0,0,0,0,0,0,0,0,0,0,0,0,0,0
"sockjs-client",73,8153,8153,69,56,0,0,0,0,0,0,0,0,0,0,0,0,0,0,0,0,0,0,0,0,0,336,0,968,228,336,212,660,0,53,0,0,0,0,0,0,0,160,4,9,0,3,12,0,1,0,0,0,0,0,0,0,0,0,0,0,0,0,0,0,0,0,0,0,0,0,0,0,0,0,0,0,0,0,0,0,0,0,0,0,0,0,0,0,0,1,0,0,2,0,0,0,0,0,0,0,0,0,0,0,0,0,0,0,0,0,0,0,0,0,0,150,2,81,57,0,0,13,56,0,0,7,549,75,0,16,1065
"steal",630,160079,163038,1,1218,12,6,4,6,0,0,0,0,0,0,0,0,0,0,0,0,0,0,0,0,0,1041,0,3831,634,993,360,3016,18,581,3,210,124,155,0,11,0,347,101,0,0,93,459,496,369,161,1125,4691,376,21,80,2,2,3,4,3,0,1,0,0,0,332,0,110,1,0,0,0,0,0,0,0,0,0,0,0,0,0,0,0,0,0,0,0,0,0,0,11,0,0,0,0,0,0,0,0,0,0,0,0,0,0,0,0,0,0,0,0,0,0,0,55,31,1201,1034,50,10,283,685,14,10,233,13067,2390,1513,28,10129
"summernote",114,16330,16484,0,1,0,0,0,0,0,0,0,0,0,0,0,0,0,0,0,0,0,0,0,0,0,1,0,9,0,1,1,0,0,0,0,0,0,0,0,0,0,0,0,0,0,0,0,0,12,7,11,51,0,1,1,0,0,1,0,0,0,0,0,0,0,1,0,0,0,0,0,0,0,0,0,0,0,0,0,0,0,0,0,0,0,0,0,0,0,0,0,0,0,0,0,0,0,0,0,0,0,0,0,0,0,0,0,0,0,0,0,0,0,0,0,68,3,38,28,0,0,12,28,0,0,6,393,9,0,0,439
"svg.js",117,21461,21463,1,0,0,0,0,0,0,0,0,0,0,0,0,0,0,0,0,0,0,0,0,0,0,40,0,193,35,35,17,94,0,18,0,0,0,3,0,3,0,3,0,0,0,5,10,0,0,0,0,0,0,0,0,0,0,0,0,0,0,0,0,0,0,0,0,0,0,0,0,0,0,0,0,0,0,0,0,0,0,0,0,0,0,0,0,0,0,0,0,0,0,0,0,0,0,0,0,0,0,0,0,0,0,0,0,2,0,0,0,0,0,0,0,38,11,31,30,2,0,20,29,2,0,13,99,14,8,0,142
"textillate",3,283,283,0,1,0,0,0,0,0,0,0,0,0,0,0,0,0,0,0,0,0,0,0,0,0,0,0,0,0,0,0,0,0,0,0,0,0,0,0,0,0,0,0,0,0,0,0,0,0,0,0,0,0,0,0,0,0,0,0,0,0,0,0,0,0,0,0,0,0,0,0,0,0,0,0,0,0,0,0,0,0,0,0,0,0,0,0,0,0,0,0,0,0,0,0,0,0,0,0,0,0,0,0,0,0,0,0,0,0,0,0,0,0,0,0,1,0,0,0,0,0,0,0,0,0,0,0,0,0,0,0
"three.js",995,509473,509499,16,44,0,0,0,0,0,0,0,0,0,0,0,0,0,0,0,0,0,0,0,0,0,556,0,2571,376,520,122,2160,25,191,0,238,234,42,3,12,0,139,62,8,0,53,162,31,18,6,70,1286,0,12,28,3,2,3,0,0,0,1,0,0,1,13,0,9,0,0,0,0,0,0,0,0,0,0,0,0,0,0,0,0,0,0,0,0,0,3,0,0,9,1,0,0,0,0,0,0,0,2,0,0,0,0,2,2,6,0,0,0,0,2,1,21,19,1000,168,7,2,138,119,2,2,25,3497,2377,152,2095,97893
"timesheet.js",7,318,334,0,4,0,0,0,0,0,0,0,0,0,0,0,0,0,0,0,0,0,0,0,0,0,0,0,0,0,0,0,0,0,0,0,0,0,0,0,0,0,0,0,0,0,0,0,0,0,0,0,0,0,0,0,0,0,0,0,0,0,0,0,0,0,0,0,0,0,0,0,0,0,0,0,0,0,0,0,0,0,0,0,0,0,0,0,0,0,0,0,0,0,0,0,0,0,0,0,0,0,0,0,0,0,0,0,0,0,0,0,0,0,0,0,0,0,1,1,1,0,0,0,0,0,0,0,0,0,0,1
"tinymce",24,1776,2269,0,0,0,0,0,0,0,0,0,0,0,0,0,0,0,0,0,0,0,0,0,0,0,2,0,4,2,2,2,0,0,0,0,0,0,0,0,0,0,0,0,0,0,0,0,0,11,0,0,0,0,0,0,0,0,0,0,0,0,0,0,0,0,0,0,0,0,0,0,0,0,0,0,0,0,0,0,0,0,0,0,0,0,0,0,0,0,0,0,0,0,0,0,0,0,0,0,0,0,0,0,0,0,0,0,0,0,0,0,0,0,0,0,4,1,16,12,1,0,6,11,0,0,2,90,10,4,0,162
"ui-router",19,61810,69691,0,15,0,0,0,0,0,0,0,0,0,0,0,0,0,0,0,0,0,0,0,0,0,788,0,3754,474,737,156,1696,0,439,0,127,88,103,0,0,0,67,25,0,0,133,533,9,52,61,117,406,76,1,3,0,0,0,0,0,0,0,0,0,0,71,0,0,0,0,0,0,0,0,0,0,0,0,0,0,0,0,0,0,0,0,0,0,0,0,0,0,0,0,0,0,0,0,0,0,0,0,0,0,0,0,0,0,0,0,0,0,0,0,0,109,27,181,96,9,0,55,70,4,0,23,408,693,49,83,12002
"underscore",14,10801,10801,0,1,1,16,1,0,0,0,1,0,0,0,0,0,0,0,0,0,0,0,0,0,0,24,0,64,18,24,8,46,0,14,0,4,2,6,0,0,0,2,0,0,0,0,0,0,0,9,0,0,0,0,0,0,0,0,0,0,0,0,0,0,0,0,0,0,0,0,0,0,0,0,0,0,0,0,0,0,0,0,0,0,0,0,0,0,0,0,0,0,0,0,0,0,0,0,0,0,0,0,0,0,0,0,0,0,0,0,0,0,0,0,0,0,2,30,11,1,0,3,7,0,0,1,67,58,18,1,336
"validator.js",152,7384,7385,73,1,0,0,0,0,0,0,0,0,0,0,0,0,0,0,0,0,0,0,0,0,0,6,0,16,0,6,6,4,0,2,0,0,0,0,0,0,0,0,0,0,0,0,0,0,0,0,1,8,0,1,2,0,0,0,0,0,0,0,0,0,0,0,0,0,0,0,0,0,0,0,0,0,0,0,0,0,0,0,0,0,0,0,0,0,0,0,0,0,0,0,0,0,0,0,0,0,0,0,0,0,0,0,0,0,0,0,0,0,0,0,0,0,0,1,1,0,0,0,1,0,0,0,2,0,0,0,2
"web3.js",168,25989,25989,8,14,0,0,0,0,0,0,0,0,0,0,0,0,0,0,0,0,0,0,0,0,0,66,0,161,61,66,54,179,0,58,0,31,0,23,0,8,0,18,0,0,0,0,0,0,0,0,0,0,0,0,0,0,0,0,0,0,0,0,0,0,0,0,0,0,0,0,0,0,0,0,0,0,0,0,0,0,0,0,0,0,0,0,0,0,0,3,0,0,6,0,0,0,0,0,0,0,0,0,0,0,0,0,0,0,0,0,0,0,0,0,0,9,0,106,92,27,0,28,18,0,0,4,160,80,24,0,853
"webogram",861,420221,428523,789,53,0,0,0,0,0,0,0,0,0,0,0,0,0,0,0,0,0,0,0,0,0,1787,0,7544,1085,1749,548,5643,55,726,0,643,496,242,0,61,0,525,211,0,0,190,896,33,130,158,536,4514,706,31,80,1,10,11,0,0,0,7,0,0,6,306,0,2,0,0,0,0,0,0,0,0,0,0,0,0,0,0,0,0,0,0,0,0,0,8,0,7,33,3,0,0,0,0,0,0,3,0,0,0,0,0,0,0,0,0,0,0,0,0,0,257,37,1702,459,126,17,206,303,30,17,83,11554,3111,194,3881,136363
"zeroclipboard",20,8617,8790,0,10,0,0,0,0,0,0,0,0,0,0,0,0,0,0,0,0,0,0,0,0,0,47,0,206,25,47,35,138,0,42,0,0,0,5,0,0,0,5,0,0,0,2,8,0,0,0,0,0,0,0,0,0,0,0,0,0,0,0,0,0,0,0,0,0,0,0,0,0,0,0,0,0,0,0,0,0,0,0,0,0,0,0,0,0,0,16,0,0,151,3,0,0,0,0,0,0,0,0,0,0,0,0,0,0,0,0,0,0,0,0,0,88,62,9,9,0,0,9,9,0,0,9,9,9,9,0,18